{"ballSize":1,"speed":0.30000000000000004,"phaseRefX":0.28600000000000003,"phaseRefY":0.46900000000000003,"radiusX":90,"radiusY":200,"densityX":3,"densityY":4.5,"backgroundFrom":"#4a1738","backgroundTo":"#000000","degree":-180,"ballColor":"#a27d95"}